stage,change,train_rows,test_rows,features,model,r2,mae,mape,seconds,f1_macro
S0,"Raw data, price parsed only; raw artform text as one category",29759,7514,1,Median baseline,-0.1926,1740.5,75.6,0.0,
S0,"Raw data, price parsed only; raw artform text as one category",29759,7514,1,Median per art form,0.3558,1188.7,77.9,0.0,
S0,"Raw data, price parsed only; raw artform text as one category",29759,7514,1,Linear Regression,0.4565,1244.6,100.7,0.0,
S0,"Raw data, price parsed only; raw artform text as one category",29759,7514,1,Random Forest,0.4549,1258.6,102.1,3.0,
S0,"Raw data, price parsed only; raw artform text as one category",29759,7514,1,Logistic Regression (price band),,,,,0.6039
S1,Types fixed (no feature change),29759,7514,1,Median baseline,-0.1926,1740.5,75.6,0.0,
S1,Types fixed (no feature change),29759,7514,1,Median per art form,0.3558,1188.7,77.9,0.0,
S1,Types fixed (no feature change),29759,7514,1,Linear Regression,0.4565,1244.6,100.7,0.0,
S1,Types fixed (no feature change),29759,7514,1,Random Forest,0.4549,1258.6,102.1,3.2,
S1,Types fixed (no feature change),29759,7514,1,Logistic Regression (price band),,,,,0.6039
S2,16 rows with no art form removed,29743,7514,1,Median baseline,-0.1926,1740.5,75.6,0.0,
S2,16 rows with no art form removed,29743,7514,1,Median per art form,0.3558,1188.7,77.9,0.0,
S2,16 rows with no art form removed,29743,7514,1,Linear Regression,0.4565,1244.7,100.7,0.0,
S2,16 rows with no art form removed,29743,7514,1,Random Forest,0.4551,1258.6,102.2,3.1,
S2,16 rows with no art form removed,29743,7514,1,Logistic Regression (price band),,,,,0.6039
S4,Primary art form (D1) + spelling merges + rare -> other; label count,29743,7514,2,Median baseline,-0.1926,1740.5,75.6,0.0,
S4,Primary art form (D1) + spelling merges + rare -> other; label count,29743,7514,2,Median per art form,0.1929,1396.5,83.7,0.0,
S4,Primary art form (D1) + spelling merges + rare -> other; label count,29743,7514,2,Linear Regression,0.3198,1467.5,123.7,0.0,
S4,Primary art form (D1) + spelling merges + rare -> other; label count,29743,7514,2,Random Forest,0.3842,1380.3,113.9,1.0,
S4,Primary art form (D1) + spelling merges + rare -> other; label count,29743,7514,2,Logistic Regression (price band),,,,,0.5427
S5,log(price) target,29743,7514,2,Median baseline,-0.1926,1740.5,75.6,0.0,
S5,log(price) target,29743,7514,2,Median per art form,0.1929,1396.5,83.7,0.0,
S5,log(price) target,29743,7514,2,Linear Regression,0.2072,1429.9,82.9,0.0,
S5,log(price) target,29743,7514,2,Random Forest,0.2771,1342.0,77.2,1.2,
S5,log(price) target,29743,7514,2,Logistic Regression (price band),,,,,0.5427
S5b,+ title/description length and description-repeat count,29743,7514,5,Median baseline,-0.1926,1740.5,75.6,0.0,
S5b,+ title/description length and description-repeat count,29743,7514,5,Median per art form,0.1929,1396.5,83.7,0.0,
S5b,+ title/description length and description-repeat count,29743,7514,5,Linear Regression,0.2996,1302.2,70.2,0.0,
S5b,+ title/description length and description-repeat count,29743,7514,5,Random Forest,0.6155,839.9,41.8,8.5,
S5b,+ title/description length and description-repeat count,29743,7514,5,Logistic Regression (price band),,,,,0.6062
