model,input,best_params,cv_mae_log,test_r2,test_mae,test_mape,seconds
Median baseline,sparse,{},0.8827,-0.1457,1487.4,73.9,1.2
Linear Regression,small,{},0.5669,0.3468,1066.4,60.6,0.2
Polynomial Regression (deg 2),small,{},0.4747,0.5774,893.1,48.7,0.4
Ridge,sparse,{'alpha': 3},0.3432,0.7481,692.3,37.5,10.6
Decision Tree,dense,"{'max_depth': 8, 'min_samples_leaf': 20}",0.5341,0.4131,1084.3,70.2,17.1
Random Forest,dense,{'min_samples_leaf': 2},0.4087,0.6077,837.2,48.8,1197.8
Gradient Boosting,dense,"{'learning_rate': 0.1, 'max_leaf_nodes': 31}",0.3684,0.6749,797.5,44.6,88.4
"KNN (cosine, text)",text,{'n_neighbors': 5},0.4056,0.6327,796.1,40.9,17.6
Average of Ridge + Gradient Boosting,both,-,,0.7465,696.4,37.7,0.0
