artform,technique
ajrakh block printing,BlockPrinting
akola block printing,BlockPrinting
andhra kantha work,Embroidery
art work,FolkPainting
assam water hyacinth craft,NaturalFibreCraft
assamese,
bagh block printing,BlockPrinting
bagru block printing,BlockPrinting
baiga tribal jewelry,Jewellery
bamboo craft,NaturalFibreCraft
banaras,
banaras handpainted,HandPainting
banaras toy craft,Toymaking
banaras weaving,Weaving
bandhani tie dye,TieDye
banjara embroidery,Embroidery
baragaon weaving,Weaving
barmer applique,Applique
basohli folk art,FolkPainting
bastar wrought iron craft,MetalCraft
batik block printing,BlockPrinting
bead work,BeadWork
begampur weaving,Weaving
bell craft,MetalCraft
bengal block printing,BlockPrinting
bengal coir craft,NaturalFibreCraft
bengal craft,
bengal jamdani weaving,JamdaniWeaving
bengal kantha work,Embroidery
bengal papier mache craft,PapierMache
bengal weaving,Weaving
bhagalpuri weaving,Weaving
bhil folk art,FolkPainting
bhujodi weaving,Weaving
bijnor weaving,Weaving
bindaas block printing,BlockPrinting
blue art pottery,Pottery
bobblehead toys,Toymaking
bodo weaving,Weaving
central asian ikat,IkatWeaving
challapalli weaving,Weaving
chanderi weaving,Weaving
channapatna toys,Toymaking
channapatna toys craft,Toymaking
cheriyal folk art,FolkPainting
chettinad weaving,Weaving
chhattisgarh craft,
chhau masks,
chirala kupaddam,Weaving
coconut craft,NaturalFibreCraft
coconut shell craft,NaturalFibreCraft
coir craft,NaturalFibreCraft
copper bell craft,MetalCraft
copper brass,MetalCraft
crewel embroidery,Embroidery
crochet work,YarnCraft
dhakai jamdani weaving,JamdaniWeaving
dharwad weaving,Weaving
digital printing,DigitalPrinting
dobby weaving,Weaving
dokra craft,LostWaxCasting
embroidery,Embroidery
enamel work craft,Enamelling
fabart,
felt craft,YarnCraft
filigree,MetalCraft
godna folk art,FolkPainting
golden grass craft,NaturalFibreCraft
gond folk art,FolkPainting
gota work,Embroidery
hand block printing,BlockPrinting
hand braided,YarnCraft
hand knitted,YarnCraft
hand painted,HandPainting
handloom,Weaving
handmade,
handmade jewellery,Jewellery
handmade stationery,PaperCraft
hapur bead work,BeadWork
ilkal weaving,Weaving
jacquard weaving,Weaving
jahota block printing,BlockPrinting
jaipur printing,ScreenPrinting
jute weaving,NaturalFibreWeaving
kalamkari block printing,BlockPrinting
kalamkari screen printing,ScreenPrinting
kalighat folk art,FolkPainting
kanchipuram weaving,Weaving
kantha work,Embroidery
kashida embroidery,Embroidery
kashmir enamel work,Enamelling
kashmir leather craft,LeatherCraft
kashmir papier mache craft,PapierMache
kasuti embroidery,Embroidery
kerala mural art,FolkPainting
khambadiya patchwork,Applique
khun weaving,Weaving
kota doria weaving,Weaving
kutch,
kutch block printing,BlockPrinting
kutch embroidery,Embroidery
kutch kala organic cotton weaving,Weaving
kutch leather craft,LeatherCraft
kutch tagai work,Embroidery
kutch weaving,Weaving
lac,Lacquerware
lacquer craft,Lacquerware
lambani craft,
leather craft,LeatherCraft
leather puppetry,Toymaking
lehariya tie dye,TieDye
lippan art,FolkPainting
lucknowi chikankari,Embroidery
macrame craft,YarnCraft
madhubani folk art,FolkPainting
madhubani papier mache craft,PapierMache
madur grass weaving,NaturalFibreWeaving
maheshwari weaving,Weaving
mandala art,FolkPainting
mandana art,FolkPainting
mangalagiri weaving,Weaving
maniabandha ikat weaving,IkatWeaving
manipuri weaving,Weaving
manjusha folk art,FolkPainting
marudhara,
mashru weaving,Weaving
mata ni pachedi folk art,FolkPainting
meenakari work,Enamelling
metal work,MetalCraft
miniature art,FolkPainting
modal silk weaves,Weaving
molded brass jewelry,MetalCraft
mysore folk art,FolkPainting
nandana block printing,BlockPrinting
narayanpet weaving,Weaving
natural dyed,NaturalDyeing
natural flower art work,FolkPainting
natural seed,NaturalFibreCraft
natural stone,StoneCraft
neemuch bead work,BeadWork
oxidised metal craft,MetalCraft
paddy,NaturalFibreCraft
padma silver jewelry,MetalCraft
paintings art works,FolkPainting
paithani weaving,Weaving
palm leaves,NaturalFibreCraft
paper mache craft,PapierMache
paper quilling,PaperCraft
patchwork,Applique
pattachitra folk art,FolkPainting
patti kaam applique,Applique
patua folk art,FolkPainting
patwa thread work,Embroidery
phad folk art,FolkPainting
phulkari,Embroidery
pintuck,Embroidery
pipad block printing,BlockPrinting
pipli applique,Applique
plain solid,
pochampally ikat weaving,IkatWeaving
pottery,Pottery
puppet,Toymaking
quilted applique,Applique
raffia weaving,NaturalFibreWeaving
rajasthan kantha work,Embroidery
recycled,
rogan art,FolkPainting
running stitch,Embroidery
sabai grass weaving,NaturalFibreWeaving
sambalpuri ikat weaving,IkatWeaving
sanganeri block printing,BlockPrinting
sanjhi art,FolkPainting
screen printing,ScreenPrinting
seashell craft,NaturalFibreCraft
sewing stitching,Embroidery
shantiniketan leather craft,LeatherCraft
shibori tie dye,TieDye
sikki grass weaving,NaturalFibreWeaving
silver inlay,MetalCraft
silver jewellery,MetalCraft
sitalpati,NaturalFibreWeaving
srikakulam jamdani weaving,JamdaniWeaving
srikalahasti penwork kalamkari,FolkPainting
stone work,StoneCraft
tangaliya weaving,Weaving
tarkashi work,MetalCraft
terracotta,Pottery
thread work,Embroidery
tibet craft,
tie dye crafts,TieDye
tikuli art,FolkPainting
tribal hand embroidery,Embroidery
tuma craft,NaturalFibreCraft
udayagiri,
upcycled,
uttarakhand kantha work,Embroidery
uttarakhand weaving,Weaving
venkatagiri weaving,Weaving
warli folk art,FolkPainting
wire craft,MetalCraft
wood carving,WoodCarving
