gid,image_file,product_title,product_description,artform_all,group,gold_materials,note
1,natural-dyed-handpainted-kalamkari-jewellery-box-13-2025-1566-1-13_1.jpg,Blue - Natural Dyed Handpainted Kalamkari Jewellery Box 13,"Blue handpainted kalamkari jewellery box by Dwaraka Plus, crafted from craft board and embellished with cotton and ghicha silk. Soft velvet fabric is used inside the box. This piece showcases the art of kalamkari, where each design is hand-drawn using a “kalam” (bamboo stick) and filled with natural colours. This jewellery box features three utility hooks, an elastic inner pocket, and six compartments, keeping your rings, earrings, chains and accessories neatly organised and protected.
A Note on Handmade Beauty:
Each piece is hand painted and using natural colors over a slow process of 30–35 days. As a result, you may notice slight variations in color, mild pigment smudges, or irregular dye patterns, these are not defects. They’re gentle marks of authenticity, proudly bearing the touch of human hands, heritage, and nature’s own palette. Wear them like a signature because no two pieces are ever alike.",srikalahasti penwork kalamkari | natural dyed,trap: bamboo pen,Cotton Paper Silk,craft board counted as Paper; velvet unspecified
2,2023-391-1-57-handpainted-kalamkari-natural-dyed-ghicha-silk-sling-bag_1.jpg,Green - Handpainted Kalamkari Natural Dyed Ghicha Silk Sling Bag,"This green handpainted kalamkari sling bag is crafted from natural dyed cotton and ghicha silk fabric, offering a blend of durability and elegance. The bag features an adjustable sling for customizable comfort. It has one zipper and one simple pocket inside, along with two zipper pockets and one magnetic snap button pocket outside for efficient organization of your belongings. This exquisite sling bag is created with handpainted kalamkari work, wherein the ""Bamboo Kalam’s"" is used for free hand drawing of the subject and filling in the colours. It is entirely hand worked using natural colours.",srikalahasti penwork kalamkari | hand painted | natural dyed,trap: bamboo pen,Cotton Silk,
3,srikalahasti-handpainted-kalamkari-shoulder-bag-67-2026-057-1-67_1.jpg,Red - Srikalahasti Handpainted Kalamkari Shoulder Bag 67,"Red srikalahasti kalamkari handpainted shoulder bag has a plain cotton base fabric. Each piece reflects the traditional handpainted kalamkari process, where the design is first drawn by hand using a kalam (a bamboo pen) and then filled with colours that are naturally derived from leaves, flowers and other plant sources. This product comes from Dwaraka Plus, a not-for-profit, artisan-owned initiative started in 1998 by Anita Reddy and Dwaraknath Reddy. The organisation works closely with artisan communities to keep this handpainted kalamkari tradition alive while also creating steady work opportunities, especially for women artisans. Thoughtfully designed, this bag offers enough space to carry your essentials with ease.
A Note on Handmade Beauty:
Each piece is hand painted and using natural colors over a slow process of 30–35 days. As a result, you may notice slight variations in color, mild pigment smudges, or irregular dye patterns, these are not defects. They’re gentle marks of authenticity, proudly bearing the touch of human hands, heritage, and nature’s own palette. Wear them like a signature because no two pieces are ever alike.",srikalahasti penwork kalamkari | hand painted | natural dyed,trap: bamboo pen,Cotton,
4,2021-1114-1-126-handpainted-kalamkari-natural-dyed-bangle-set-of-2_1.jpg,Multicolor - Handpainted Kalamkari Natural Dyed Bangle (Set of 2),"Handmade multicolor bangle made from handpainted kalamkari natural dyed cotton fabric on fibre bangle. This exquisite bangle is created with handpainted kalamkari, wherein the ""Bamboo kalam"" is used for free hand drawing of the subject and filling in the colours. It is entirely hand worked using natural colours.",srikalahasti penwork kalamkari | hand painted | handmade | handmade jewellery | natural dyed,trap: bamboo pen,Cotton,
5,2023-391-1-154-handpainted-kalamkari-natural-dyed-ghicha-silk-sling-bag_1.jpg,Peach - Handpainted Kalamkari Natural Dyed Ghicha Silk Sling Bag,"This peach handpainted kalamkari sling bag is crafted from natural dyed cotton and ghicha silk fabric, offering a blend of durability and elegance. The bag features an adjustable and detachable sling for convenience. It offers three zipper sections, each with a separate zipper pocket, and five card slots, providing ample storage and organization options for essentials, cards, and personal items. This exquisite sling bag is created with handpainted kalamkari work, wherein the ""Bamboo Kalam’s"" is used for free hand drawing of the subject and filling in the colours. It is entirely hand worked using natural colours.",srikalahasti penwork kalamkari | hand painted | natural dyed,trap: bamboo pen,Cotton Silk,
6,2023-1266-1-45-handpainted-kalamkari-natural-dyed-cotton-tissue-box_1.jpg,Red - Handpainted Kalamkari Natural Dyed Cotton Tissue Box,"Elevate your home decor with our red handcrafted kalamkari natural-dyed cotton tissue box. Soft velvet fabric has been used inside the box. Made from thin craft board and emblished with intricate hand-painted kalamkari cotton and plain ghicha silk fabric, this exquisite piece brings traditional artistry to your space. The use of the ""kalam"" (bamboo stick) technique ensures freehand drawing with natural colours, making it a unique and eco-friendly addition. Add a touch of culture to your surroundings with this functional and artistic tissue box.",srikalahasti penwork kalamkari | hand painted | natural dyed,trap: bamboo pen,Cotton Paper Silk,craft board counted as Paper
7,510815-26-sling-bag-handpainted-kalamkari-natural-dyed-ghicha-silk_1.jpg,Maroon - Handpainted Kalamkari Natural Dyed Ghicha Silk Sling Bag,"Fine quality maroon handcrafted kalamkari natural dyed ghicha silk sling bag, made from handpainted kalamkari natural dyed ghicha silk & cotton fabric. It has twenty card & coin holder with five pocket inside & one zipper pocket outside. This exquisite sling bag is created with handpainted kalamkari work, wherein the ""Bamboo kalam"" is used for free hand drawing of the subject and filling in the colours. It is entirely hand worked using natural colours.",srikalahasti penwork kalamkari | hand painted | handmade | natural dyed,trap: bamboo pen,Cotton Silk,
8,srikalahasti-kalamkari-handpainted-wallet-110-2026-057-1-110_1.jpg,Beige - Srikalahasti Kalamkari Handpainted Wallet 110,"Beige srikalahasti kalamkari handpainted wallet is made from cotton fabric and foam leather. Each piece reflects the traditional kalamkari process, where the design is first drawn by hand using a kalam (a bamboo pen) and then filled with colours that are naturally derived from leaves, flowers and other plant sources. This product comes from Dwaraka Plus, a not-for-profit, artisan-owned initiative started in 1998 by Anita Reddy and Dwaraknath Reddy. The organisation works closely with artisan communities to keep this handpainted kalamkari tradition alive while also creating steady work opportunities, especially for women artisans. The wallet is designed for everyday use and features four simple pockets, one zipper, and multiple card holders inside, making it easy to carry essentials like cash, cards, or small personal items.
A Note on Handmade Beauty:
Each piece is hand painted and using natural colors over a slow process of 30–35 days. As a result, you may notice slight variations in color, mild pigment smudges, or irregular dye patterns, these are not defects. They’re gentle marks of authenticity, proudly bearing the touch of human hands, heritage, and nature’s own palette. Wear them like a signature because no two pieces are ever alike.",srikalahasti penwork kalamkari | hand painted | natural dyed,trap: bamboo pen,Cotton,foam leather is artificial -> not Leather
9,handpainted-kalamkari-natural-dyed-keychain-pouch-11-2025-1798-1-11_1.jpg,Multicolor - Handpainted Kalamkari Natural Dyed Keychain Pouch 11,"Multicolor handpainted kalamkari cotton keychain pouch by Dwaraka Plus, thoughtfully designed for everyday convenience. This piece reflects the traditional art of kalamkari, where intricate motifs are first drawn by hand using a bamboo “kalam” and then carefully filled with natural colours. Compact and lightweight, it easily attaches to your keys, bag or handbag for quick access. You can use it to store coins, earphones, rings, small essentials, or even folded cash, keeping everything organised without adding bulk.
A Note on Handmade Beauty:
Each piece is hand painted and using natural colors over a slow process of 30–35 days. As a result, you may notice slight variations in color, mild pigment smudges or irregular dye patterns, these are not defects. They’re gentle marks of authenticity, proudly bearing the touch of human hands, heritage, and nature’s own palette. Wear them like a signature, because no two pieces are ever alike.",srikalahasti penwork kalamkari | natural dyed,trap: bamboo pen,Cotton,
10,srikalahasti-kalamkari-handpainted-wallet-95-2026-057-1-95_1.jpg,Black - Srikalahasti Kalamkari Handpainted Wallet 95,"Black srikalahasti kalamkari handpainted wallet is made from cotton fabric and foam leather. Each piece reflects the traditional kalamkari process, where the design is first drawn by hand using a kalam (a bamboo pen) and then filled with colours that are naturally derived from leaves, flowers and other plant sources. This product comes from Dwaraka Plus, a not-for-profit, artisan-owned initiative started in 1998 by Anita Reddy and Dwaraknath Reddy. The organisation works closely with artisan communities to keep this handpainted kalamkari tradition alive while also creating steady work opportunities, especially for women artisans. The wallet is designed for everyday use and features four simple pockets, one zipper, and multiple card holders inside, making it easy to carry essentials like cash, cards, or small personal items.
A Note on Handmade Beauty:
Each piece is hand painted and using natural colors over a slow process of 30–35 days. As a result, you may notice slight variations in color, mild pigment smudges, or irregular dye patterns, these are not defects. They’re gentle marks of authenticity, proudly bearing the touch of human hands, heritage, and nature’s own palette. Wear them like a signature because no two pieces are ever alike.",srikalahasti penwork kalamkari | hand painted | natural dyed,trap: bamboo pen,Cotton,
11,pedana-hand-block-print-natural-dyed-cotton-kalamkari-2pc-unstitched-dress-material-16-2025-1765-1-16_1.jpg,Black - Pedana Hand Block Print Natural Dyed Cotton Kalamkari 2pc Unstitched Dress Material Kurta Set 16,"Black pedana kalamkari cotton 2pc unstitched dress material, created using one of India’s oldest and most intricate printing traditions, with a legacy of over 3,000 years. Skilled artisans in Pedana, Andhra Pradesh, use hand-carved wooden blocks and natural dyes to print detailed kalamkari motifs inspired by mythology, nature and traditional patterns. This set features beautifully printed kurta fabric paired with a coordinated dupatta. The cotton fabric allows easy, all-day wear, making it a versatile choice for both everyday dressing and special occasions.
A Note on Handmade Beauty
Each piece is hand block printed and dyed using natural colors over a slow process of 15–20 days. As a result, you may notice slight variations in color, mild pigment smudges or irregular dye patterns, these are not defects. They’re gentle marks of authenticity, proudly bearing the touch of human hands, heritage and nature’s own palette. Wear them like a signature, because no two pieces are ever alike.",kalamkari block printing | natural dyed,trap: wooden blocks,Cotton,
12,handloom-woolen-natural-dyed-block-print-bagru-stole-07-2025-1130-3-7_1.jpg,Brown - Handloom Woolen Natural Dyed Block Print Bagru Stole 07,"Brown bagru hand-block-printed pure wool stole, crafted using natural dyes through the traditional mud-resist process with hand-carved wooden blocks practiced in Bagru, Rajasthan. Its handloom wool warmth and comfortably soft feel make it ideal for cold weather. This stole adds a graceful touch to any outfit.
A Note on Handmade Beauty:
Each piece is hand block printed and dyed using natural colors over a slow process of 15–20 days. As a result, you may notice slight variations in color, mild pigment smudges, or irregular dye patterns, these are not defects. They’re gentle marks of authenticity, proudly bearing the touch of human hands, heritage, and nature’s own palette. Wear them like a signature, because no two pieces are ever alike.",bagru block printing | handloom | natural dyed,trap: wooden blocks,Wool,
13,kalamkari-hand-block-print-cotton-2pc-unstitched-dress-material-kurta-set-with-jewellery-02-2026-079-12-2_1.jpg,Kalamkari Hand Block Print Cotton 2pc Unstitched Dress Material Kurta Set with Jewellery 02,"Kalamkari hand block print cotton 2pc unstitched dress material is created using one of the earliest and most intricate block printing techniques, practiced by skilled artisans for over 3,000 years. The designs are developed using hand-carved wooden blocks and natural dyeing processes. Paired with a matching dharwad cotton dupatta with border. This set also includes a handcrafted necklace and earrings made by artisans, creating a well-coordinated look. Suitable for family functions, casual outings and daily wear.
A Note on Handmade Beauty:
Each piece is hand block printed and dyed using natural colors over a slow process of 15–20 days. As a result, you may notice slight variations in color, mild pigment smudges, or irregular dye patterns, these are not defects. They’re gentle marks of authenticity, proudly bearing the touch of human hands, heritage, and nature’s own palette. Wear them like a signature, because no two pieces are ever alike.",kalamkari block printing | natural dyed,trap: wooden blocks,Cotton,
14,bagru-indigo-hand-block-print-natural-dyed-chanderi-silk-saree-43-2026-538-1-43_1.jpg,Blue - Bagru Indigo Hand Block Print Natural Dyed Chanderi Silk Saree 43,"Blue bagru indigo hand block print natural dyed chanderi silk saree is crafted by master artisan from the village of Bagru, Rajasthan. This saree is created using the centuries-old mud-resist printing technique, where artisans apply a hand-prepared mud paste using carved wooden blocks, dye the saree in natural colours and then wash away the resist to reveal distinct patterns. Made from a blend of mulberry raw silk and mercerised cotton, it drapes smoothly and feels soft to wear. Perfect for daily wear and special occasions.
A Note on Handmade Beauty:
Each piece is hand block printed and dyed using natural colors over a slow process of 15–20 days. As a result, you may notice slight variations in color, mild pigment smudges or irregular dye patterns, these are not defects. They’re gentle marks of authenticity, proudly bearing the touch of human hands, heritage and nature’s own palette. Wear them like a signature because no two pieces are ever alike.",bagru block printing | natural dyed,trap: wooden blocks,Cotton Silk,
15,hand-block-print-cotton-sanganeri-3pc-unstitched-dress-material-52-2025-1600-5-52_1.jpg,Brown - Hand Block Print Cotton Sanganeri 3pc Unstitched Dress Material 52,"Brown hand block print pure cotton sanganeri 3pc unstitched dress material blends traditional artistry with everyday comfort. It is created using the traditional hand block printing technique of Sanganer, a historic town in the southern part of Jaipur, Rajasthan. Practised for over 500 years, this craft is carried forward by skilled artisans, with techniques passed down through generations. Fine patterns are produced using intricately hand-carved wooden blocks and bleed-free VAT colours. The set includes kurta fabric, bottom fabric and pure mul cotton dupatta. This set suitable for daily wear, workdays and gatherings.",sanganeri block printing,trap: wooden blocks,Cotton,
16,sanganeri-block-print-pure-cotton-fabric-01-2026-017-1-1_1.jpg,Peach - Sanganeri Block Print Pure Cotton Fabric 01,"Peach sanganeri hand block print fabric is crafted from 100% pure cotton. Each piece is handcrafted by skilled artisans using age-old block printing techniques from Sanganer, a town in the southern part of Jaipur, Rajasthan. It features delicate floral designs inspired by roses, lotus, lilies and sunflowers. Every design is created using hand-carved wooden blocks and bleed-free VAT dyes. Versatile and rooted in tradition, this hand block print fabric beautifully blends authenticity with conscious living. Perfect for kurtas, dresses, tunics and home décor pieces like cushion covers and curtains.",sanganeri block printing,trap: wooden blocks,Cotton,
17,sanganeri-hand-block-print-cotton-fabric-21-2026-331-1-21_1.jpg,Sanganeri Hand Block Print Cotton Fabric 21,"Sanganeri hand block print cotton fabric, made by master artisans from Jaipur, Rajasthan. This centuries-old printing technique has been practiced for over 500 years and is known for its fine detailing and delicate floral, buti and vine motifs. The designs are created using traditional hand-carved wooden blocks and azo-free dyes. Made from lightweight cotton, it has a soft texture and comfortable drape. This Sanganeri cotton fabric is ideal for kurtas, dresses, tops, tunics and home decor projects such as cushions and curtains.",sanganeri block printing,trap: wooden blocks,Cotton,
18,natural-dyed-block-print-cotton-pedana-kalamkari-2pc-unstitched-dress-material-57-2025-1649-1-57_1.jpg,Multicolor - Natural Dyed Block Print Cotton Pedana Kalamkari 2pc Unstitched Dress Material 57,"Multicolor pedana kalamkari cotton 2pc unstitched dress material, created using one of India’s oldest and most intricate printing traditions, with a legacy of over 3,000 years. Skilled artisans in Pedana, Andhra Pradesh, use hand-carved wooden blocks and natural dyes to print detailed Kalamkari motifs inspired by mythology, nature, and timeless Indian patterns. This set features beautifully printed kurta fabric paired with a coordinated dupatta. The cotton fabric allows easy, all-day wear, making it a versatile choice for both everyday dressing and special occasions.
A Note on Handmade Beauty
Each piece is hand block printed and dyed using natural colors over a slow process of 15–20 days. As a result, you may notice slight variations in color, mild pigment smudges, or irregular dye patterns, these are not defects. They’re gentle marks of authenticity, proudly bearing the touch of human hands, heritage, and nature’s own palette. Wear them like a signature, because no two pieces are ever alike.",kalamkari block printing | natural dyed,trap: wooden blocks,Cotton,
19,pedana-hand-block-print-natural-dyed-cotton-kalamkari-unstitched-dress-material-kurta-with-dupatta-28-2026-755-1-28_1.jpg,Red - Pedana Hand Block Print Natural Dyed Cotton Kalamkari Unstitched Dress Material: Kurta with Dupatta 28,"Red pedana hand block print natural dyed cotton kalamkari unstitched dress material kurta with dupatta is created by master artisan Venkata Bhanu from Pedana, Andhra Pradesh, continuing a centuries-old printing tradition of the region. Hand-carved wooden blocks and natural dyes are used to print detailed kalamkari motifs inspired by mythology, nature and traditional patterns across the pure cotton fabric. The pure cotton allows comfortable all-day wear. This set includes a hand-block-printed kurta fabric paired with a matching dupatta, making it suitable for everyday dressing and special occasions.
A Note on Handmade Beauty
Each piece is hand block printed and dyed using natural colors over a slow process of 15–20 days. As a result, you may notice slight variations in color, mild pigment smudges, or irregular dye patterns, these are not defects. They’re gentle marks of authenticity, proudly bearing the touch of human hands, heritage, and nature’s own palette. Wear them like a signature, because no two pieces are ever alike.",kalamkari block printing | natural dyed,trap: wooden blocks,Cotton,
20,bagru-dabu-hand-block-print-natural-dyed-cotton-fabric-62-2026-175-1-62_1.jpg,Green - Bagru Dabu Hand Block Print Natural Dyed Cotton Fabric 62,"Green bagru dabu hand block print fabric comes from the village of Bagru in Rajasthan, where artisans have practiced the Dabu mud-resist printing technique for over 400–450 years. Printed on cotton using natural dyes, the fabric is created by applying a hand-prepared mud resist with carved wooden blocks. After dyeing, the resist is washed away to reveal distinct patterns. Each piece reflects the skill, experience and careful craftsmanship of trained artisans. This fabric is ideal for garments, home decor and creative projects.
A Note on Handmade Beauty
Each piece is hand block printed and dyed using natural colors over a slow process of 15–20 days. As a result, you may notice slight variations in color, mild pigment smudges, or irregular dye patterns, these are not defects. They’re gentle marks of authenticity, proudly bearing the touch of human hands, heritage, and nature’s own palette. Wear them like a signature, because no two pieces are ever alike.",bagru block printing | natural dyed,trap: wooden blocks,Cotton,
21,sanganeri-hand-block-print-cotton-2pc-unstitched-dress-material-kurta-set-with-jewellery-26-2026-079-29-26_1.jpg,Sanganeri Hand Block Print Cotton 2pc Unstitched Dress Material Kurta Set with Jewellery 26,"Sanganeri hand block print cotton 2pc unstitched dress material kurta set is crafted using the traditional hand block printing technique of Sanganer, a town in the southern part of Jaipur, Rajasthan. This craft is over 500 years old and is practiced by skilled artisans. It features fine floral patterns created using hand-carved wooden blocks and bleed-free VAT dyes. It is paired with a akola hand block print natural dyed kota doria cotton dupatta, this set also comes with a handcrafted threadwork german silver pendant necklace and earrings made by artisans, creating a beautifully coordinated look. Suitable for family functions, casual outings, and daily wear.",sanganeri block printing,trap: german silver,Cotton,german silver pendant -> not Silver
22,2024-670-1-10-handcrafted-gs-fabart-choker-necklace-set-10_1.jpg,Multicolor - Handcrafted GS Fabart Choker Necklace Set 10,"Add a touch of tradition to your jewelry collection with iTokri’s multicolor handcrafted GS fabart choker necklace set. This exquisite piece is crafted from fabric, featuring detailed german silver, shell, and fine thread work that embodies the rich cultural heritage of Indian artisans. Each necklace is a testament to the skill of our artisans.",fabart | oxidised metal craft,trap: german silver,,
23,2024-658-1-3-elegant-gs-fabart-handcrafted-choker-necklace-set-03_1.jpg,Red - Elegant GS Fabart Handcrafted Choker Necklace Set 03,"Immerse yourself in the elegance of our red handcrafted GS fabart necklace set, a stunning fusion of tradition and modern design. Crafted with exquisite fabrics, German silver, and delicate thread work, this necklace set represents the finest of Indian artisanal craftsmanship. Perfect for any occasion, this versatile choker set adds a touch of sophistication to your wardrobe.",fabart | oxidised metal craft,trap: german silver,,
24,german-silver-thread-necklace-set-06-2025-1466-1-6_1.jpg,Multicolor - German Silver Thread Necklace Set 06,"Add a touch of handmade charm to your look with this multicolor thread work necklace set adorned with german silver, known for its antique finish and durability. It comes with matching earrings for a complete look. Created by artisans, this set is perfect for cultural functions or adding a unique flair to your everyday style.",thread work,trap: german silver,,
25,german-silver-necklace-set-12-2025-488-1-12_1.jpg,Yellow - German Silver Necklace Set 12,"Elevate your ethnic look with this handcrafted yellow necklace set featuring a german silver pendant known for its durability and antique finish. Paired with matching earrings, it’s perfect for festive occasions, cultural events, or adding a distinctive charm to everyday outfits.",oxidised metal craft,trap: german silver,,
26,german-silver-plated-classic-earrings-137-2025-109-3-137_1.jpg,White - German Silver-Plated Classic Earrings 137,"This white german silver-plated handcrafted earrings feature a timeless blend of oxidised metal, pearls, stones, and fine detailing. Elegant in silver tones, they effortlessly complement ethnic outfits as well as casual western looks, making them eye-catching, versatile, and perfect for festivals, weddings, or special occasions. A thoughtful gift for your loved ones, adding a graceful touch of tradition to every celebration.",oxidised metal craft,trap: german silver,Stone,
27,handmade-german-silver-bracelet-42-2024-1122-1-42_1.jpg,Blue - Handmade German Silver Bracelet 42,"Elevate your style with this handmade german silver bracelet, a unique piece crafted by skilled artisans. Featuring german silver, and intricate threadwork, this bracelet combines traditional artistry with modern appeal.",oxidised metal craft | handmade,trap: german silver,,
28,gs-shell-work-womens-bow-hair-clip-47-2025-1698-1-47_1.jpg,Red - GS Shell Work Women's Bow Hair Clip 47,"Handmade red women's bow hair clip adds a stylish touch to your everyday look. Made from fabric and adorned with german silver and shell work along with other decorative elements. Crafted by artisans it sits comfortably and stays secure through the day. A lovely pick for routine wear, friendly meet-ups or simple celebrations, this hair clip effortlessly complements any outfit with elegance and grace.",fabart,trap: german silver,,
29,german-silver-beaded-necklace-set-36-2025-1121-1-36_1.jpg,Green - German Silver Beaded Necklace Set 36,"Add a touch of handmade charm to your look with this german silver necklace set adorned with green bead work. Known for its antique finish and durability, German silver gives the set a refined touch. It comes with matching earrings for a complete look. Created by skilled artisans, this set is perfect for festive occasions, cultural functions or simply adding a unique flair to your everyday style.",oxidised metal craft,trap: german silver,,
30,german-silver-plated-classic-earrings-131-2025-109-3-131_1.jpg,Grey - German Silver-Plated Classic Earrings 131,"This grey german silver-plated handcrafted earrings feature a timeless blend of oxidised metal, pearls, stones, and fine detailing. Elegant in silver tones, they effortlessly complement ethnic outfits as well as casual western looks, making them eye-catching, versatile, and perfect for festivals, weddings, or special occasions. A thoughtful gift for your loved ones, adding a graceful touch of tradition to every celebration.",oxidised metal craft,trap: german silver,Stone,
31,ilkal-weave-silk-cotton-zari-border-saree-with-blouse-piece-26-2026-430-2-26_1.jpg,Blue - Plain Silk Cotton Zari Border Saree with Blouse Piece 26,"Blue plain silk cotton zari border saree with blouse piece in Bagalkot district of Karnataka. The zari border is woven using gold threads, adding a festive finish to the saree. Made from 55% mercerised cotton and 45% soft silk. This is not a handloom saree. It is made using a powerloom with limited handmade processes involved. Comes with blouse fabric. Suits daily wear, temple visits and festive occasions.
Note: This piece carries tiny knots, thread pulls, or uneven lines not flaws, but traces of the limited handmade work involved in its making. Every irregularity reflects the human touch behind the process. It’s what happens when tradition passes through skilled hands. If you’re looking for absolute perfection, this may not be it. But if you appreciate character and authenticity, you’ve found it.",ilkal weaving,trap: silk-like,Cotton Silk Zari,
32,mercerised-cotton-handloom-pochampally-ikat-saree-25-2024-1670-3-25_1.jpg,Brown - Mercerised Cotton Handloom Pochampally Ikat Saree 25,"Brown handloom pochampally ikat handloom saree, woven from mercerized cotton. The intricate Ikat patterns, achieved through the age-old resist-dyeing technique, reflect the heritage of Telangana’s skilled artisans. A statement piece that blends artistry and comfort, this saree is perfect for celebrations, cultural gatherings, or elevating your everyday style with effortless grace.
Note: This piece carries tiny knots, thread pulls or uneven lines not flaws but fingerprints. Every irregularity is a whisper from the hands that made it. It’s what happens when tradition weaves through time not machines. If you’re looking for perfection, this isn’t it. But if you’re looking for soul you’ve found it.",pochampally ikat weaving | handloom,trap: silk-like,Cotton,
33,spun-dupion-viscose-silk-buti-2pc-unstitched-dress-material-kurta-set-with-earrings-17-2026-079-17-17_1.jpg,Green - Spun Dupion Viscose Silk Buti 2pc Unstitched Dress Material Kurta Set with Earrings 17,"Green Spun dupion viscose silk 2pc unstitched dress material kurta set made from a blend of viscose and polyester, featuring intricate buti work. Paired with banarasi art silk zari work dupatta. This is not a handloom dress material. It is made using a powerloom with limited handmade processes involved. This set also includes handcrafted matching earrings to complete your look, making it suitable for family gatherings, traditional events and special occasions.",plain solid,trap: silk-like,Zari,viscose/polyester/art silk -> not Silk; zari dupatta -> Zari
34,bagh-hand-block-print-natural-dyed-chanderi-silk-3pc-unstitched-dress-material-suit-set-25-2026-544-3-25_1.jpg,Blue - Bagh Hand Block Print Natural Dyed Chanderi Silk 3pc Unstitched Dress Material Suit Set 25,"Blue bagh hand block print chanderi silk 3pc unstitched dress material suit set with zari border is created by master artisans using a traditional printing technique from Madhya Pradesh that is over 300 years old. Made from a blend of chanderi silk and mercerised cotton, it offers the coolness of cotton and elegant sheen of silk. Hand-carved wooden blocks are used to create intricate patterns. This set includes kurta fabric, a matching dupatta and bottom fabric. Unstitched, get it stitched according to your preferred style and fit. Suitable for daily wear, family gatherings and traditional events.
A Note on Handmade Beauty
Each piece is hand block printed and dyed using natural colors over a slow process of 15–20 days. As a result, you may notice slight variations in color, mild pigment smudges or irregular dye patterns, these are not defects. They’re gentle marks of authenticity, proudly bearing the touch of human hands, heritage, and nature’s own palette. Wear them like a signature because no two pieces are ever alike.",bagh block printing | natural dyed,trap: silk-like,Cotton Silk Zari,
35,dharwad-checks-mercerised-cotton-3pc-unstitched-dress-material-suit-set-06-2026-585-1-6_1.jpg,Brown - Dharwad Checks Mercerised Cotton 3pc Unstitched Dress Material Suit Set 06,"Brown dharwad checks mercerised cotton 3pc plain unstitched dress material suit set from Karnataka, known for its fine cotton texture and distinctive woven border detailing. The suit set features a woven check pattern across the surface. The mercerised cotton fabric feels soft and comfortable for long wear while maintaining a neat structure suitable for regular use. The set includes coordinated kurta fabric, a bottom and a dupatta, suitable for stitching into a salwar suit, kurta set, or any custom outfit. This is not a handloom dress material. It is made using a powerloom with very limited handmade processes involved. This dharwad dress material is suitable for office wear, travel, casual outings, and everyday dressing.",dharwad weaving | plain solid,trap: silk-like,Cotton,
36,handloom-zari-buti-chanderi-silk-fabric-38-2025-1041-3-38_1.jpg,Beige - Handloom Zari Buti Chanderi Silk Fabric 38,"Beige pure handloom zari buti chanderi fabric is woven by master artisan Rauph Khan from Madhya Pradesh. Originating from the historic town of Chanderi, this weave is known for its lightweight texture and sheer elegance. Handloom weaving in chanderi combines silk and mercerised cotton threads to create a fabric that feels airy yet refined. Perfect for crafting kurtas, dresses, blouses, skirts, dupattas, curtains, cushion covers and more.
Note : This piece carries tiny knots, thread pulls or uneven lines not flaws, but fingerprints. Every irregularity is a whisper from the hands that made it. It’s what happens when tradition weaves through time, not machines. If you’re looking for perfection, this isn’t it. But if you’re looking for soul you’ve found it.",chanderi weaving | handloom | plain solid,trap: silk-like,Cotton Silk Zari,
37,handloom-zari-buti-chanderi-silk-2pc-unstitched-dress-material-30-2025-1616-1-30_1.jpg,Grey - Handloom Zari Buti Chanderi Silk 2pc Unstitched Dress Material 30,"handloom chanderi 2pc unstitched dress material is crafted by master artisan Rauph Khan in Chanderi, Madhya Pradesh. Made from a chanderi silk and mercerised cotton blend, it features zari buti motifs and a woven border. Lightweight with a sheer drape, the set includes fabric for a kurta and dupatta, making it ideal for occasions, gatherings and cultural events.
Note : This piece carries tiny knots, thread pulls or uneven lines not flaws but fingerprints. Every irregularity is a whisper from the hands that made it. It’s what happens when tradition weaves through time not machines. If you’re looking for perfection, this isn’t it. But if you’re looking for soul you’ve found it.",chanderi weaving | handloom | plain solid,trap: silk-like,Cotton Silk Zari,
38,dharwad-mercerised-cotton-thread-buta-fabric-08-2026-408-1-8_1.jpg,Grey - Dharwad Mercerised Cotton Thread Buta Fabric 08,"Grey dharwad mercerised cotton fabric with thread buta and border from Karnataka is known for its fine texture. It features thread buta motifs while the borders carry intricate patterns that reflect Dharwad's weaving style. This fabric is machine-made with limited handmade processes involved. Suitable for creating kurtas, shirts, dresses and home decor items, offering both versatility and everyday usability.
Note: This piece carries tiny knots, thread pulls or uneven lines not flaws, but traces of the limited handmade work involved in its making. Every irregularity reflects the human touch behind the process. It’s what happens when tradition passes through skilled hands. If you’re looking for absolute perfection, this may not be it. But if you appreciate character and authenticity, you’ve found it.",dharwad weaving | plain solid,trap: silk-like,Cotton,
39,mothra-leheriya-tie-dye-chanderi-silk-fabric-14-2025-1870-2-14_1.jpg,Black - Mothra Leheriya Tie-Dye Chanderi Silk Fabric 14,"Black leheriya tie-dye mothra fabric, crafted by master artisan Adil Hussain, follows a centuries-old tradition from Rajasthan. In this technique, the fabric is folded and tied twice in opposite diagonals, creating a fine crisscross pattern with small square dots or a net like effect between the stripes. ‘Mothra’ refers to a pattern resembling tiny lentil grains. Made from a blend of chanderi silk and mercerised cotton, it has a light feel with a slight sheen. Each piece turns out slightly different due to the process. It can be used for sarees, dupattas, kurta sets, dress materials, as well as decor accents like curtains or soft furnishings.",lehariya tie dye,trap: silk-like,Cotton Silk,
40,fine-tissue-zari-bengal-saree-with-embroidered-blouse-06-2024-1400-1-51_1.jpg,Purple - Fine Tissue Zari Bengal Saree with Embroidered Blouse 06,"Fine cotton tissue zari purple bengal saree with hand embroidered blouse, designed for style and comfort, a symbol of Bengal's rich cultural heritage. This saree embodies the artistry of skilled artisans who preserve centuries old traditions. The tissue zari fabric adds a attractive touch while the matching mercerised cotton pochampally ikat embroidered blouse completes the ensemble",bengal weaving | embroidery | plain solid,trap: silk-like,Cotton Zari,
41,hand-block-print-natural-dyed-chanderi-silk-akola-saree-22-2025-1742-1-22_1.jpg,Blue - Hand Block Print Natural Dyed Chanderi Silk Akola Saree 22,"Blue akola hand block print chanderi silk cotton saree comes from the village of Akola in Rajasthan and reflects a textile tradition practiced for over 500 years. It uses a mud-resist printing technique, carried forward by skilled artisans of the chippa community. The designs are created using hand-carved wooden blocks and natural dyes, resulting in detailed patterns. Chanderi silk is known for its gossamer look and fine texture. Easy to drape and style, this saree is suitable for cultural gatherings, occasions and everyday wear.
A Note on Handmade Beauty:
Each piece is hand block printed and dyed using natural colors over a slow process of 15–20 days. As a result, you may notice slight variations in color, mild pigment smudges or irregular dye patterns, these are not defects. They’re gentle marks of authenticity, proudly bearing the touch of human hands, heritage and nature’s own palette. Wear them like a signature because no two pieces are ever alike.",akola block printing | natural dyed,random,Cotton Silk,
42,2022-461-2-44-chandi-mati-hand-embroidered-kantha-work-coaster_1.jpg,Chandi Mati Kantha Work Cotton Coaster,This kantha work coaster is made from cotton fabric. It is designed with contemporary patterns & has been hand embroidered by Uttarakhand traditional craft technique of kantha tagai using thread yarns.,uttarakhand kantha work,random,Cotton,
43,3pc-heavy-chain-stitch-embroidered-merino-wool-unstitched-dress-material-51-2025-1164-1-51_1.jpg,Red - 3pc Heavy Chain Stitch Embroidered Merino Wool Unstitched Dress Material 51,"Red 3pc heavy chain stitch embroidered merino wool unstitched dress material is perfect for elegant winter wear. Made from fine merino wool, it offers warmth, comfort and a rich texture. The set includes fabric for the top, bottom and dupatta is beautifully detailed with intricate embroidery. Ideal for stitching into stylish suits for casual or festive occasions, it’s a graceful and cozy choice for the winter season.",embroidery,random,Wool,
44,black-saanjh-bela-leaf-oxidised-drop-earrings-2024-1643-1-536_1.jpg,Black - Saanjh Bela Leaf Oxidised Drop Earrings,"Oxidised handcrafted black earrings made with a blend of metal, stones, and fine detailing. Perfect for festive occasions, weddings, casual outings, office wear, or vacations. Their elegant black and silver tones pair beautifully with everything from casual jeans and flowy dresses to chic office ensembles. A meaningful gift for mother, sister, wife, or girlfriend adding a beautiful touch of tradition to every moment.",oxidised metal craft,random,Stone,
45,2022-339-1-60-original-blue-pottery-ceramic-vase-1-5-x-1-5-in_1.jpg,Blue - Original Blue Pottery Ceramic Vase (1.5 x 1.5 in),"This finely done blue vase is crafted from blue pottery ceramic tile. Blue Pottery is widely recognized as a traditional craft of Jaipur, though it is Turko-Persian in origin. The name 'blue pottery' comes from the eye-catching blue dye used to color the pottery. Jaipur blue pottery, made out of a similar frit material to Egyptian faience, is glazed and low-fired. No clay is used: the 'dough' for the pottery is prepared by mixing quartz stone powder, powdered glass, Multani Mitti (Fuller's Earth), borax, gum and water. It is the only pottery in the world that does not use clay.",blue art pottery | handmade,random,Glass Stone,"blue pottery: no clay, quartz stone powder + powdered glass"
46,vidarbha-handloom-checks-tussar-silk-fabric-03-2025-625-1-3_1.jpg,Green - Vidarbha Handloom Checks Tussar Silk Fabric 03,"This tussar cotton blend combines the natural sheen of silk with the light, breathable texture of cotton, ideal for all seasons. Handwoven in Vidarbha, these green checked fabrics exhibit fine textures that reflect regional weaving traditions
Note : This piece carries tiny knots, thread pulls, or uneven lines — not flaws, but fingerprints. Every irregularity is a whisper from the hands that made it. It’s what happens when tradition weaves through time, not machines. If you’re looking for perfection, this isn’t it. But if you’re looking for soul — you’ve found it.",plain solid | handloom,random,Cotton Silk,
47,2023-1338-2-54-pure-wool-block-print-sanganeri-stole_1.jpg,Brown - Pure Wool Block Print Sanganeri Stole 57,"Experience the rich heritage of Rajasthan with our pure wool brown block print sanganeri stole. The pure wool construction offers exceptional warmth and softness, making it perfect for cold weather. The bleed-free VAT dyes ensure lasting vibrancy. The elaborate detailing of the flowers and petals showcases the artistry of this hand-block printing technique originating from Sanganer, Rajasthan. Embrace timeless elegance and support artisanal craftsmanship with this unique accessory.",sanganeri block printing,random,Wool,
48,handcrafted-jacquard-patch-shoulder-bag-06-2025-1364-1-6_1.jpg,Blue - Handcrafted Jacquard Patch Shoulder Bag 06,"Blue handcrafted shoulder bag is made from durable canvas cotton and features a vibrant jacquard patch that adds a unique accent. The bag includes a secure zippered pocket inside to keep essentials like keys, phone or wallet safe and organized. With sturdy shoulder straps and ample space, it’s perfect for daily use, casual outings or travel.",patchwork,random,Cotton,
49,handspun-handloom-natural-dyed-cotton-geometric-buti-srikakulam-jamdani-fabric-01-2025-1029-1-1_1.jpg,Brown - Handspun Handloom Natural Dyed Cotton Geometric Buti Srikakulam Jamdani Fabric 01,"Brown handspun handloom pure cotton jamdani fabric from the Srikakulam district of Andhra Pradesh. Woven on traditional pit looms using the intricate extra weft technique, it features fine butis and natural hues. This fabric is suitable for making sarees, dupattas, kurtas or home decor items.
Note : This piece carries tiny knots, thread pulls or uneven lines not flaws but fingerprints. Every irregularity is a whisper from the hands that made it. It’s what happens when tradition weaves through time, not machines. If you’re looking for perfection this isn’t it. But if you’re looking for soul you’ve found it.",srikakulam jamdani weaving | handloom | natural dyed,random,Cotton,
50,pochampally-ikat-weave-pure-cotton-fabric-15-2026-700-1-15_1.jpg,Black - Pochampally Ikat Weave Pure Cotton Fabric 15,"Black pochampally Ikat weave pure cotton fabric comes from Koyyalagudem village, Telangana. Ideal for creating kurtas, dresses, tunics and home decor accents. It is crafted using the traditional resist-dyeing technique, where warp or weft threads are carefully tied and dyed before weaving to form the characteristic feathered geometric patterns. The fabric is known for its fine texture and clean drape. This is not a handloom fabric. It is made using a powerloom with limited handmade processes involved.",pochampally ikat weaving,random,Cotton,
51,jacquard-cotton-unstitched-dress-material-kurta-dupatta-with-earrings-11-2026-079-25-11_1.jpg,Jacquard Cotton Unstitched Dress Material: Kurta & Dupatta with Earrings 11,"Jacquard cotton unstitched dress material kurta set paired with Dharwad cotton zari border dupatta. The set also includes a matching handcrafted fabart jhumka earrings made by artisans, creating a beautifully coordinated look. Suitable for family gatherings, festive celebrations, traditional occasions, and everyday wear. The kurta is made using a jacquard loom, where the design is woven directly into the fabric. This process creates beautiful patterns with a slightly raised texture that gives the fabric a rich and detailed look. This is not handloom kurta material. It is made using a power loom with limited handmade processes involved.",jacquard weaving,random,Cotton Zari,
52,handmade-gs-shell-thread-work-hair-clip-52-2025-1293-1-52_1.jpg,Blue - Handmade GS Shell & Thread Work Hair Clip 52,"Blue handmade hair clip adds a graceful touch to your hairstyle. Features intricate artistic details that may include german silver, thread, shells bead work or other decorative elements, reflecting the unique creativity of the maker.",handmade,random,,
53,2023-545-3-73-kantha-work-block-print-cotton-shopping-bag_1.jpg,Blue - Kantha Work Block Print Cotton Shopping Bag,"Elevate your shopping experience with our blue kantha patchwork block print cotton shopping bag. this block-printed designs add a touch of elegance and flair, making this bag a true fusion of art and utility.",bengal kantha work | patchwork,random,Cotton,
54,hand-embroidered-cotton-roti-napkin-07-2024-1631-1-7_1.jpg,Blue - Hand Embroidered Cotton Roti Napkin 07,"Keep your rotis fresh and warm with this elegantly blue embroidered cotton roti napkin. Crafted for both style and practicality, its soft cotton fabric and intricate embroidery bring a touch of charm to your dining table.",embroidery | handmade,random,Cotton,
55,dharwad-cotton-saree-with-border-48-2025-846-1-48_1.jpg,Brown - Dharwad Cotton Saree with Border 48,"Embrace the traditional elegance of Karnataka with our brown dharwad cotton saree. This saree features a captivating woven border, meticulously crafted by the skilled weavers of Dharwad. The border showcases intricate motifs and patterns that reflect the rich cultural heritage of Karnataka. These exquisite details bring a sense of grace and sophistication, making the saree ideal for both formal occasions and festive celebrations.
Note : This piece carries tiny knots, thread pulls, or uneven lines — not flaws, but fingerprints. Every irregularity is a whisper from the hands that made it. It’s what happens when tradition weaves through time, not machines. If you’re looking for perfection, this isn’t it. But if you’re looking for soul — you’ve found it.",dharwad weaving | plain solid,random,Cotton,
56,saanjh-saaj-classic-german-silver-necklace-set-07-2025-109-4-7_1.jpg,White - Saanjh Saaj Classic German Silver Necklace Set 07,"This white german silver-plated handcrafted necklace set features a blend of oxidised metal, tiny pearls, stones, and intricate detailing. Known for its durability and subtle sheen, German silver adds a refined charm to the set. Paired with matching earrings, its silvery hues beautifully complement both traditional Indian ensembles and contemporary Western wear. A thoughtful gift for your loved ones, it brings a graceful touch of tradition to every moment.",oxidised metal craft,random,Stone,
57,jacquard-woven-2pc-cotton-unstitched-dress-material-kurta-set-with-jewellery-18-2025-1567-20-18_1.jpg,Brown - Jacquard Woven 2pc Cotton Unstitched Dress Material Kurta Set with Jewellery 18,"Jacquard woven 2pc cotton unstitched dress material kurta set is made using a jacquard loom, where the design is woven into the fabric. This process creates beautiful patterns with a slightly raised texture that looks rich and detailed. It is prewashed for a comfortable feel. Paired with a plain sambalpuri dupatta. This is a machine-made dress material with no or limited handmade processes involved. This set also includes a handcrafted necklace and earrings made by artisans, creating a well-coordinated look. Suitable for family functions, casual outings and daily wear.
Note : This piece carries tiny knots thread pulls or uneven lines not flaws but fingerprints. Every irregularity is a whisper from the hands that made it. It’s what happens when tradition weaves through time not machines. If you’re looking for perfection, this isn’t it. But if you’re looking for soul you’ve found it.",jacquard weaving,random,Cotton,
58,handloom-mercerised-cotton-thread-buti-chanderi-2pc-unstitched-dress-material-kurta-set-with-jewellery-13-2026-079-14-13_1.jpg,Handloom Mercerised Cotton Thread Buti Chanderi 2pc Unstitched Dress Material Kurta Set with Jewellery 13,"Handloom mercerised cotton thread buti 2pc chanderi unstitched dress material kurta set is woven by master weaver Rauph Khan, carrying forward the oldest weaving traditions from the historic town of Chanderi, Madhya Pradesh. Known for its lightweight feel, subtle sheen and graceful sheer texture. Paired with a sanganeri hand block print chanderi silk dupatta, this set also includes a handcrafted matching necklace and earrings to complete your look. Perfect for family gatherings, traditional events, special occasions and daily wear.
Note: This piece carries tiny knots, thread pulls or uneven lines not flaws but fingerprints. Every irregularity is a whisper from the hands that made it. It’s what happens when tradition weaves through time not machines. If you’re looking for perfection, this isn’t it. But if you’re looking for soul you’ve found it.",chanderi weaving | handloom | plain solid,random,Cotton Silk,
59,hand-stitched-mosaic-woolen-unstitched-kurta-material-2-65m-60-2025-1301-1-60_1.jpg,Multicolor - Hand-Stitched Mosaic Woolen Unstitched Kurta Material (2.65M) 60,"Multicolor hand-stitched mosaic woolen unstitched kurta material. Crafted using traditional tukdi (patchwork) techniques this fabric brings together unique textile pieces from various Indian crafts into one beautiful artistic design. Ideal for stitching winter kurtas, tops or tunics.",patchwork,random,Wool,
60,printed-fabric-cover-handmade-paper-notebook-with-thread-lock-04-2025-1181-1-4_1.jpg,Grey - Printed Fabric Cover Handmade Paper Notebook with Thread Lock 04,"Grey printed fabric-embellished, hardbound cover notebook with a thread-lock closure and handmade papers. The paper is made from cotton and other natural fibre waste, recycled in an eco-friendly process without the use of chemicals. Crafted by skilled artisans who give careful personal attention to every detail. A creative and practical choice for journaling, planning or capturing daily thoughts.",handmade | handmade stationery,random,Paper,paper made from cotton waste: material is Paper
61,handcrafted-kutch-leather-keychain-08-2025-1257-1-8_1.jpg,Maroon - Handcrafted Kutch Leather Keychain 08,Maroon handcrafted keychain is made by Mohan Marvada using traditional techniques from Kutch district in Gujarat. Crafted from durable leather it features cutwork detailing. This keychain is ideal for everyday use and thoughtful gift.,kutch leather craft,random,Leather,
62,handloom-zari-work-chanderi-silk-saree-19-2025-036-2-19_1.jpg,Black - Handloom Zari Work Chanderi Silk Saree 19,"This traditional zari work black chanderi silk saree is handwoven by skilled artisans from Chanderi, Madhya Pradesh. It is crafted from a blend of Chanderi silk and mercerised cotton. The buttis or motifs on the Chanderi blend are carefully handwoven on the loom using needles. Each motif is created with a separate needle, showcasing fine craftsmanship. Known for its gossamer texture and elegant feel, the Chanderi silk saree is an ideal choice for special occasions or graceful gatherings.",chanderi weaving | handloom | plain solid,random,Cotton Silk Zari,
63,sanganeri-hand-block-print-modal-silk-fabric-26-2026-070-3-26_1.jpg,Purple - Sanganeri Hand Block Print Modal Silk Fabric 26,"Purple sanganeri hand block print fabric is crafted from modal silk. The fabric is handcrafted by skilled artisans using age-old hand block printing techniques from Sanganer, a town in the southern part of Jaipur, Rajasthan. It features delicate floral designs inspired by roses, lotus, lilies and sunflowers. The designs are created using hand-carved wooden blocks and bleed-free VAT dyes. Versatile and rooted in tradition, this hand block print fabric beautifully blends authenticity with conscious living. Perfect for kurtas, dresses, tunics and home décor pieces like cushion covers and curtains.",sanganeri block printing,random,,modal silk is a rayon -> not Silk
64,handmade-german-silver-beaded-bracelet-01-2024-1470-1-1_1.jpg,Handcrafted Bead Work Bracelet 01,This handmade bead work bracelet combines tradition and modern style. Make your moment memorable with this beautiful bracelet. Perfect for Casual wear or Party wear. You can wear them on any occasion with any of your favourite outfit.,bead work,random,,
65,kota-doria-cotton-lucknow-chikankari-2pc-unstitched-dress-material-38-2025-1595-1-38_1.jpg,White - Kota Doria Cotton Lucknow Chikankari 2pc Unstitched Dress Material 38,"White lucknow chikankari 2pc unstitched dress material is crafted from soft, breathable kota doria cotton and beautifully adorned with delicate, nature-inspired motifs. The intricate embroidery features traditional techniques like shadow work and ghass patti, reflecting the elegance of 400 year old Lucknowi craftsmanship. Each piece is carefully hand-embroidered over several days, showcasing patience and fine detailing. Kota Doria is an age-old Indian textile produced in the Kota district of Rajasthan, where the threads are finely interwoven to create distinctive check patterns. Its lightweight and sheer texture gives it an exquisite grace and elegance of its own. The set includes an embroidered kurta fabric with a matching dupatta, making it perfect for festive gatherings, casual outings and elegant everyday wear.",lucknowi chikankari | kota doria weaving,random,Cotton,
66,565164-113-kutch-bandhani-tie-dye-cotton-saree-with-blouse-piece_1.jpg,Orange - Kutch Bandhani Tie-Dye Cotton Saree with Blouse Piece,"Fine quality orange kutch bandhani cotton saree featuring majestic bandhani pattern, tie-dyed using the traditional technique practised by the artisans of Kutch. The art of Bandhani (Bandhej) is highly skilled process. The technique involves dyeing a fabric which is tied tightly with a thread at several points.",bandhani tie dye,random,Cotton,
67,436856-13-hand-carved-bamboo-wooden-earrings_1.jpg,Brown - Hand Carved Bamboo Wooden Earrings 03,"Feather weight brown earrings made of natural bamboo wood & designs have been hand carved with a hot knife by master artisan Jagat Ram from Bastar, Chhattisgarh. Perfect for everyday wear, festive looks, or pairing with ethnic and boho outfits.",bamboo craft | tuma craft,random,Bamboo,'bamboo wood' -> Bamboo
68,srikalahasti-kalamkari-handpainted-shoulder-bag-27-2026-057-1-27_1.jpg,Black - Srikalahasti Kalamkari Handpainted Shoulder Bag 27,"Black srikalahasti kalamkari handpainted shoulder bag has a silk cotton base fabric. Each piece reflects the traditional kalamkari handpainted process, where the design is first drawn by hand using a kalam (a bamboo pen) and then filled with colours that are naturally derived from leaves, flowers and other plant sources. This product comes from Dwaraka Plus, a not-for-profit, artisan-owned initiative started in 1998 by Anita Reddy and Dwaraknath Reddy. The organisation works closely with artisan communities to keep this handpainted kalamkari tradition alive while also creating steady work opportunities, especially for women artisans. Thoughtfully designed with one simple pocket inside, this bag offers enough space for your essentials.
A Note on Handmade Beauty:
Each piece is hand painted and using natural colors over a slow process of 30–35 days. As a result, you may notice slight variations in color, mild pigment smudges, or irregular dye patterns, these are not defects. They’re gentle marks of authenticity, proudly bearing the touch of human hands, heritage, and nature’s own palette. Wear them like a signature because no two pieces are ever alike.",srikalahasti penwork kalamkari | hand painted | natural dyed,random,Cotton Silk,
69,handcrafted-quilted-sling-bag-37-2025-1535-1-37_1.jpg,Multicolor - Handcrafted Quilted Sling Bag 37,"Make every outing stylish with this multicolor handmade sling bag in cotton, detailed with hand block prints. Designed with quilted layers for added safety, it features four pockets to carry your everyday essentials. Comfortable to use for daily activities, trips or casual outings.",bindaas block printing,random,Cotton,
70,2022-1266-1-38-patwa-thread-sequin-work-bangle_1.jpg,Pink - Handcrafted Patwa Thread & Sequin Work Bangle,"This pink patwa bangle is made from thick weaves of thread and sequin work, handcrafted by the master craftsmen Kailash Patwa. Patwa is a thread craft that originated in Rajasthan and is now practised in parts of the state. Patwa is derived from the Hindi word 'pat,' which means silk, and those involved in the silk and cotton thread business are known as Patwas.",patwa thread work,random,,
71,3pc-heavy-chain-stitch-embroidered-merino-wool-unstitched-dress-material-35-2025-1164-1-35_1.jpg,Beige - 3pc Heavy Chain Stitch Embroidered Merino Wool Unstitched Dress Material 35,"Beige 3pc heavy chain stitch embroidered merino wool unstitched dress material is perfect for elegant winter wear. Made from fine merino wool, it offers warmth, comfort and a rich texture. The set includes fabric for the top, bottom and dupatta is beautifully detailed with intricate embroidery. Ideal for stitching into stylish suits for casual or festive occasions, it’s a graceful and cozy choice for the winter season.",embroidery,random,Wool,
72,handmade-pochampally-ikat-laptop-bag-04-2024-1565-1-4_1.jpg,Maroon - Handmade Pochampally Ikat Laptop Bag 04,"This maroon handmade pochampally ikat cotton laptop bag with an adjustable side strap and detachable sling is designed to protect and carry your laptop with ease and style. Crafted from durable artificial leather and adorned with pochampally Ikat cotton fabric, The interior boasts an eva sheet, ensuring optimal protection. With laptop compartment, two simple and one zipper pocket on the inside, and one zipper pocket outside, there is ample space to keep your laptop and other essentials organised. Embrace a perfect fusion of fashion and utility with this uniquely designed laptop bag.",pochampally ikat weaving,random,Cotton,artificial leather -> not Leather
73,jacquard-woven-2pc-cotton-unstitched-dress-material-kurta-set-with-jewellery-01-2026-079-1-1_1.jpg,Blue - Jacquard Woven 2pc Cotton Unstitched Dress Material Kurta Set with Jewellery 01,"Blue jacquard woven 2pc cotton unstitched dress material kurta set is made using a jacquard loom, where the design is woven directly into the fabric. This process creates beautiful patterns with a slightly raised texture that gives the fabric a rich and detailed look. It is prewashed for a comfortable feel and paired with a sanganeri hand block print cotton dupatta. This is not a handloom product. It is made using a powerloom with limited handmade processes involved. The set also includes a handcrafted necklace and earrings made by artisans, creating a beautifully coordinated look. Suitable for family functions, casual outings and daily wear.
Note: This piece carries tiny knots, thread pulls or uneven lines not flaws but traces of the limited handmade work involved in its making. Every irregularity reflects the human touch behind the process. It’s what happens when tradition passes through skilled hands. If you’re looking for absolute perfection, this may not be it. But if you appreciate character and authenticity, you’ve found it.",jacquard weaving,random,Cotton,
74,handmade-crystal-beaded-bracelet-with-owl-charm-26-2026-376-1-26_1.jpg,Handmade Crystal Beaded Rakhi / Bracelet with Owl Charm 26,"Handmade crystal beaded rakhi / bracelet with a owl charm is thoughtfully made by artisans in Khambat, Gujarat, using sparkling crystal beads and finished with a delicate owl charm. Its elastic design ensures a comfortable and adjustable fit for everyday wear. Easy to pair with casual outfits or festive attire, it makes a lovely addition to your jewellery collection or a thoughtful gift for someone special.",bead work | handmade,random,,'crystal' beads left unlabelled (ambiguous)
75,handloom-zari-meena-buti-chanderi-silk-fabric-43-2025-1041-3-43_1.jpg,White - Handloom Zari Meena Buti Chanderi Silk Fabric 43,"White pure handloom zari meena buti chanderi fabric is woven by master artisan Rauph Khan from Madhya Pradesh. Originating from the historic town of Chanderi this weave is known for its lightweight texture and sheer elegance. Handloom weaving in chanderi combines silk and mercerised cotton threads to create a fabric that feels airy yet refined. Perfect for crafting kurtas, dresses, blouses, skirts, dupattas, curtains, cushion covers and more.
Note : This piece carries tiny knots, thread pulls or uneven lines not flaws but fingerprints. Every irregularity is a whisper from the hands that made it. It’s what happens when tradition weaves through time not machines. If you’re looking for perfection, this isn’t it. But if you’re looking for soul you’ve found it.",chanderi weaving | handloom | plain solid,random,Cotton Silk Zari,
76,fabart-german-silver-mirror-work-choker-necklace-set-13-2024-1153-1-13_1.jpg,Black - Fabart German Silver Mirror Work Choker Necklace Set 13,"Add a touch of tradition to your jewellery with the black fabart german silver mirror work choker necklace set. This exquisite piece is crafted from fabric, featuring detailed german silver, mirror and fine thread work that embodies the rich cultural heritage of Indian artisans.",fabart | oxidised metal craft,random,,mirror work left unlabelled (ambiguous)
77,handcrafted-quilted-sling-bag-13-2026-620-1-13_1.jpg,Maroon - Handcrafted Quilted Sling Bag 13,"Maroon handcrafted quilted sling bag is made from cotton fabric with quilted layers for added structure. The bag features four useful pockets inside to carry your phone, wallet, keys, and other essentials. Lightweight and comfortable to carry, it is perfect for daily essentials, travel, and casual outings. Designed for everyday use, this sling bag is made from leftover fabrics that were simply too beautiful to waste. Thoughtfully made, this bag helps reduce fabric waste while adding a pop of personality to your daily routine.",jacquard weaving,random,Cotton,
78,2024-090-1-18-handcrafted-batik-printed-cotton-hand-bag-18_1.jpg,Brown - Handcrafted Batik Printed Cotton Hand Bag 18,"This brown hand bag is crafted from hand-batik-printed cotton fabric, showcasing a blend of style and functionality. Featuring a PVC waterproof sheet layer inside, it ensures your belongings stay safe and dry. It has enough space to accommodate most of the items. With its spacious interior, this bag effortlessly holds all your essentials in place. Embrace the allure of handmade craftsmanship while enjoying the functionality of a trendy accessory that complements your everyday adventures with ease.",batik block printing,random,Cotton,
79,lucknowi-chikankari-kota-doria-cotton-unstitched-dress-material-kurta-with-dupatta-19-2026-723-2-19_1.jpg,Peach - Lucknowi Chikankari Kota Doria Cotton Unstitched Dress Material: Kurta with Dupatta 19,"Peach chikankari hand embroidered kota doria cotton unstitched dress material kurta with dupatta from Lucknow, Uttar Pradesh. Hand crafted on soft and airy kota doria cotton fabric, it features hand embroidery created by skilled master artisans, continuing the Chikankari embroidery tradition of Lucknow, practiced for over 400 years. The set includes hand-embroidered kurta fabric with a matching dupatta, making it perfect for weddings, festivals, casual outings, and special occasions. Each piece is carefully hand-embroidered over several days, with fine detailing worked stitch by stitch. The embroidery features traditional techniques like shadow work and ghas patti, reflecting the precision and patience that define Chikankari embroidery.",lucknowi chikankari | kota doria weaving,random,Cotton,
80,2023-833-1-9-begampuri-handloom-cotton-saree_1.jpg,Brown - Bengal Handwoven Cotton Begumpuri Saree 42,"This brown begumpuri handloom cotton saree is crafted from fine quality cotton, sourced from Hooghly, West Bengal, ensuring comfort and breathability. This saree showcase intricate weaving technique, notably on the pallu and contrasting borders, achieved using traditional wooden dobby looms, showcasing rich local craftsmanship. Lightweight and easy to drape, they're ideal for various occasions, needing minimal maintenance and infrequent starching, making them a versatile choice for any wardrobe.",begampur weaving | handloom,random,Cotton,wooden dobby looms are tools -> not Wood
