gid,group,product_title,gold_materials,keywords,llm_v1_zero_shot,llm_v2_engineered
1,trap: bamboo pen,Blue - Natural Dyed Handpainted Kalamkari Jewellery Box 13,Cotton Paper Silk,Bamboo Cotton Silk,Cotton Paper Silk,Cotton Paper Silk
2,trap: bamboo pen,Green - Handpainted Kalamkari Natural Dyed Ghicha Silk Sling Bag,Cotton Silk,Bamboo Cotton Silk,Cotton Silk,Cotton Silk
3,trap: bamboo pen,Red - Srikalahasti Handpainted Kalamkari Shoulder Bag 67,Cotton,Bamboo Cotton,Cotton,Cotton
4,trap: bamboo pen,Multicolor - Handpainted Kalamkari Natural Dyed Bangle (Set of 2),Cotton,Bamboo Cotton,Cotton,Cotton
5,trap: bamboo pen,Peach - Handpainted Kalamkari Natural Dyed Ghicha Silk Sling Bag,Cotton Silk,Bamboo Cotton Silk,Cotton Silk,Cotton Silk
6,trap: bamboo pen,Red - Handpainted Kalamkari Natural Dyed Cotton Tissue Box,Cotton Paper Silk,Bamboo Cotton Silk,Cotton Paper Silk,Cotton Paper Silk
7,trap: bamboo pen,Maroon - Handpainted Kalamkari Natural Dyed Ghicha Silk Sling Bag,Cotton Silk,Bamboo Cotton Silk,Cotton Silk,Cotton Silk
8,trap: bamboo pen,Beige - Srikalahasti Kalamkari Handpainted Wallet 110,Cotton,Bamboo Cotton Leather,Cotton Leather,Cotton
9,trap: bamboo pen,Multicolor - Handpainted Kalamkari Natural Dyed Keychain Pouch 11,Cotton,Bamboo Cotton,Cotton,Cotton
10,trap: bamboo pen,Black - Srikalahasti Kalamkari Handpainted Wallet 95,Cotton,Bamboo Cotton Leather,Cotton Leather,Cotton
11,trap: wooden blocks,Black - Pedana Hand Block Print Natural Dyed Cotton Kalamkari 2pc Unstitched Dress Material Kurta Set 16,Cotton,Cotton Wood,Cotton,Cotton
12,trap: wooden blocks,Brown - Handloom Woolen Natural Dyed Block Print Bagru Stole 07,Wool,Wood Wool,Wool,Wool
13,trap: wooden blocks,Kalamkari Hand Block Print Cotton 2pc Unstitched Dress Material Kurta Set with Jewellery 02,Cotton,Cotton Wood,Cotton,Cotton
14,trap: wooden blocks,Blue - Bagru Indigo Hand Block Print Natural Dyed Chanderi Silk Saree 43,Cotton Silk,Cotton Silk Wood,Cotton Silk,Cotton Silk
15,trap: wooden blocks,Brown - Hand Block Print Cotton Sanganeri 3pc Unstitched Dress Material 52,Cotton,Cotton Wood,Cotton,Cotton
16,trap: wooden blocks,Peach - Sanganeri Block Print Pure Cotton Fabric 01,Cotton,Cotton Wood,Cotton,Cotton
17,trap: wooden blocks,Sanganeri Hand Block Print Cotton Fabric 21,Cotton,Cotton Wood,Cotton,Cotton
18,trap: wooden blocks,Multicolor - Natural Dyed Block Print Cotton Pedana Kalamkari 2pc Unstitched Dress Material 57,Cotton,Cotton Wood,Cotton,Cotton
19,trap: wooden blocks,Red - Pedana Hand Block Print Natural Dyed Cotton Kalamkari Unstitched Dress Material: Kurta with Dupatta 28,Cotton,Cotton Wood,Cotton,Cotton
20,trap: wooden blocks,Green - Bagru Dabu Hand Block Print Natural Dyed Cotton Fabric 62,Cotton,Cotton Wood,Cotton,Cotton
21,trap: german silver,Sanganeri Hand Block Print Cotton 2pc Unstitched Dress Material Kurta Set with Jewellery 26,Cotton,Cotton Silver Wood,Cotton Silver,Cotton
22,trap: german silver,Multicolor - Handcrafted GS Fabart Choker Necklace Set 10,,Silver,Silver,
23,trap: german silver,Red - Elegant GS Fabart Handcrafted Choker Necklace Set 03,,Silver,Silver,
24,trap: german silver,Multicolor - German Silver Thread Necklace Set 06,,Silver,Silver,
25,trap: german silver,Yellow - German Silver Necklace Set 12,,Silver,Silver,
26,trap: german silver,White - German Silver-Plated Classic Earrings 137,Stone,Silver,Silver Stone,
27,trap: german silver,Blue - Handmade German Silver Bracelet 42,,Silver,Silver,
28,trap: german silver,Red - GS Shell Work Women's Bow Hair Clip 47,,Silver,Silver,
29,trap: german silver,Green - German Silver Beaded Necklace Set 36,,Silver,Silver,
30,trap: german silver,Grey - German Silver-Plated Classic Earrings 131,Stone,Silver,Silver Stone,
31,trap: silk-like,Blue - Plain Silk Cotton Zari Border Saree with Blouse Piece 26,Cotton Silk Zari,Cotton Silk Zari,Cotton Silk Zari,Cotton Silk Zari
32,trap: silk-like,Brown - Mercerised Cotton Handloom Pochampally Ikat Saree 25,Cotton,Cotton,Cotton,Cotton
33,trap: silk-like,Green - Spun Dupion Viscose Silk Buti 2pc Unstitched Dress Material Kurta Set with Earrings 17,Zari,Silk Zari,Zari,Zari
34,trap: silk-like,Blue - Bagh Hand Block Print Natural Dyed Chanderi Silk 3pc Unstitched Dress Material Suit Set 25,Cotton Silk Zari,Cotton Silk Wood Zari,Cotton Silk Zari,Cotton Silk Zari
35,trap: silk-like,Brown - Dharwad Checks Mercerised Cotton 3pc Unstitched Dress Material Suit Set 06,Cotton,Cotton,Cotton,Cotton
36,trap: silk-like,Beige - Handloom Zari Buti Chanderi Silk Fabric 38,Cotton Silk Zari,Cotton Silk Zari,Cotton Silk Zari,Cotton Silk Zari
37,trap: silk-like,Grey - Handloom Zari Buti Chanderi Silk 2pc Unstitched Dress Material 30,Cotton Silk Zari,Cotton Silk Zari,Cotton Silk Zari,Cotton Silk Zari
38,trap: silk-like,Grey - Dharwad Mercerised Cotton Thread Buta Fabric 08,Cotton,Cotton,Cotton,Cotton
39,trap: silk-like,Black - Mothra Leheriya Tie-Dye Chanderi Silk Fabric 14,Cotton Silk,Cotton Silk,Cotton Silk,Cotton Silk
40,trap: silk-like,Purple - Fine Tissue Zari Bengal Saree with Embroidered Blouse 06,Cotton Zari,Cotton Zari,Cotton Zari,Cotton Zari
41,random,Blue - Hand Block Print Natural Dyed Chanderi Silk Akola Saree 22,Cotton Silk,Cotton Silk Wood,Cotton Silk,Cotton Silk
42,random,Chandi Mati Kantha Work Cotton Coaster,Cotton,Cotton,Cotton,Cotton
43,random,Red - 3pc Heavy Chain Stitch Embroidered Merino Wool Unstitched Dress Material 51,Wool,Wool,Wool,Wool
44,random,Black - Saanjh Bela Leaf Oxidised Drop Earrings,Stone,Silver,Silver Stone,Stone
45,random,Blue - Original Blue Pottery Ceramic Vase (1.5 x 1.5 in),Glass Stone,Clay Glass Stone,Glass Stone,Glass Stone
46,random,Green - Vidarbha Handloom Checks Tussar Silk Fabric 03,Cotton Silk,Cotton Silk,Cotton Silk,Cotton Silk
47,random,Brown - Pure Wool Block Print Sanganeri Stole 57,Wool,Wool,Wool,Wool
48,random,Blue - Handcrafted Jacquard Patch Shoulder Bag 06,Cotton,Cotton,Cotton,Cotton
49,random,Brown - Handspun Handloom Natural Dyed Cotton Geometric Buti Srikakulam Jamdani Fabric 01,Cotton,Cotton,Cotton,Cotton
50,random,Black - Pochampally Ikat Weave Pure Cotton Fabric 15,Cotton,Cotton,Cotton,Cotton
51,random,Jacquard Cotton Unstitched Dress Material: Kurta & Dupatta with Earrings 11,Cotton Zari,Cotton Zari,Cotton Zari,Cotton Zari
52,random,Blue - Handmade GS Shell & Thread Work Hair Clip 52,,Silver,Cotton Silver,
53,random,Blue - Kantha Work Block Print Cotton Shopping Bag,Cotton,Cotton,Cotton,Cotton
54,random,Blue - Hand Embroidered Cotton Roti Napkin 07,Cotton,Cotton,Cotton,Cotton
55,random,Brown - Dharwad Cotton Saree with Border 48,Cotton,Cotton,Cotton,Cotton
56,random,White - Saanjh Saaj Classic German Silver Necklace Set 07,Stone,Silver,Silver Stone,Stone
57,random,Brown - Jacquard Woven 2pc Cotton Unstitched Dress Material Kurta Set with Jewellery 18,Cotton,Cotton,Cotton,Cotton
58,random,Handloom Mercerised Cotton Thread Buti Chanderi 2pc Unstitched Dress Material Kurta Set with Jewellery 13,Cotton Silk,Cotton Silk,Cotton Silk,Cotton Silk
59,random,Multicolor - Hand-Stitched Mosaic Woolen Unstitched Kurta Material (2.65M) 60,Wool,,Wool,Wool
60,random,Grey - Printed Fabric Cover Handmade Paper Notebook with Thread Lock 04,Paper,Cotton Paper,Cotton Paper,Cotton Paper
61,random,Maroon - Handcrafted Kutch Leather Keychain 08,Leather,Leather,Leather,Leather
62,random,Black - Handloom Zari Work Chanderi Silk Saree 19,Cotton Silk Zari,Cotton Silk Zari,Cotton Silk Zari,Cotton Silk Zari
63,random,Purple - Sanganeri Hand Block Print Modal Silk Fabric 26,,Silk Wood,Silk,
64,random,Handcrafted Bead Work Bracelet 01,,,,
65,random,White - Kota Doria Cotton Lucknow Chikankari 2pc Unstitched Dress Material 38,Cotton,Cotton,Cotton,Cotton
66,random,Orange - Kutch Bandhani Tie-Dye Cotton Saree with Blouse Piece,Cotton,Cotton,Cotton,Cotton
67,random,Brown - Hand Carved Bamboo Wooden Earrings 03,Bamboo,Bamboo Wood,Bamboo Wood,Bamboo Wood
68,random,Black - Srikalahasti Kalamkari Handpainted Shoulder Bag 27,Cotton Silk,Bamboo Cotton Silk,Cotton Silk,Cotton Silk
69,random,Multicolor - Handcrafted Quilted Sling Bag 37,Cotton,Cotton,Cotton,Cotton
70,random,Pink - Handcrafted Patwa Thread & Sequin Work Bangle,,Cotton Silk,Cotton Silk,
71,random,Beige - 3pc Heavy Chain Stitch Embroidered Merino Wool Unstitched Dress Material 35,Wool,Wool,Wool,Wool
72,random,Maroon - Handmade Pochampally Ikat Laptop Bag 04,Cotton,Cotton Leather,Cotton,Cotton
73,random,Blue - Jacquard Woven 2pc Cotton Unstitched Dress Material Kurta Set with Jewellery 01,Cotton,Cotton,Cotton,Cotton
74,random,Handmade Crystal Beaded Rakhi / Bracelet with Owl Charm 26,,,Glass,
75,random,White - Handloom Zari Meena Buti Chanderi Silk Fabric 43,Cotton Silk Zari,Cotton Silk Zari,Cotton Silk Zari,Cotton Silk Zari
76,random,Black - Fabart German Silver Mirror Work Choker Necklace Set 13,,Silver,Glass Silver,
77,random,Maroon - Handcrafted Quilted Sling Bag 13,Cotton,Cotton,Cotton,Cotton
78,random,Brown - Handcrafted Batik Printed Cotton Hand Bag 18,Cotton,Cotton,Cotton,Cotton
79,random,Peach - Lucknowi Chikankari Kota Doria Cotton Unstitched Dress Material: Kurta with Dupatta 19,Cotton,Cotton,Cotton,Cotton
80,random,Brown - Bengal Handwoven Cotton Begumpuri Saree 42,Cotton,Cotton Wood,Cotton,Cotton
