title,price,ridge,neighbour_median,rag_estimate,rag_low,rag_high,rag_cited,rag_quality,rag_reason,plain_estimate,plain_reason
Brown - Bengal Fine Tissue Zari Saree 08,2490,4223.0,5440.0,4690.0,4490.0,5590.0,"[3, 4, 7]",partial,The estimate is based on similar brown and multi-color tissue zari sarees from Bengal with embroidered blouses.,4500.0,Fine tissue zari sarees from Bengal typically retail in the mid-range category for traditional wear.
Black - Applique Patchwork Mul Cotton Tagai Ajrakh Saree 01,5600,7597.0,5290.0,5290.0,5290.0,6490.0,"[1, 2, 5]",partial,The estimate is based on mul cotton ajrakh patchwork sarees featuring tagai mirror work.,5500.0,"The combination of Ajrakh printing, patchwork, and mirror work justifies a higher artisanal value."
Grey - Kutch Tie-Dye Cotton Bandhani Saree 88,2650,3762.0,3590.0,3890.0,2650.0,4590.0,"[1, 8, 10]",good,The estimate is based on grey Kutch tie-dye cotton bandhani sarees and similar cotton bandhani styles with blouse pieces.,3200.0,Cotton Bandhani sarees from Kutch are commonly priced accessibly for everyday and festive wear.
Lucknowi Chikankari Heavy Bead Work Pure Organza Silk Saree 09,24990,21076.0,18490.0,11290.0,5490.0,22990.0,"[3, 6, 10]",poor,The estimate is wide due to varying fabric types and embroidery weights across Lucknow Chikankari saree and chanderi listings.,9500.0,Pure organza silk combined with heavy bead work and intricate Lucknowi Chikankari commands a premium price.
White - Phulia Jamdani Handloom Cotton 2pc Unstitched Dress Material with Jewellery Set 24,6290,5194.0,7320.0,7450.0,5890.0,7490.0,"[1, 5, 6]",good,The estimate is based on white Phulia Jamdani handloom cotton and muslin 2-piece unstitched dress material sets.,4000.0,Handloom cotton Jamdani dress materials paired with a jewellery set generally fall into this moderate price band.
Handcrafted Eco-Friendly Coconut Shell Rose Soy Scented Candle For Gifting 05,590,682.0,650.0,1100.0,650.0,1990.0,"[1, 2, 3, 4]",partial,"The cited listings are handmade scented candles in decorative containers such as shells, metal, and terracotta.",350.0,Handcrafted coconut shell scented candles typically retail around three hundred to five hundred rupees in India.
Black - Handloom Cotton Pochampally Double Ikat Fabric 14,1150,1727.0,740.0,1190.0,390.0,1590.0,"[2, 3, 4, 5, 6]",good,The cited listings are black handloom cotton pochampally double ikat fabrics.,850.0,Authentic handloom cotton Pochampally double ikat fabric commands a higher price due to its intricate weaving technique.
Phulkari Hand Embroidery Laminated Coasters (Set of 6),1990,1403.0,11490.0,8000.0,1500.0,12950.0,"[1, 2, 3, 4, 5, 6, 7, 8, 9, 10]",poor,"The cited listings are Phulkari embroidered garments and dress materials rather than coasters, resulting in a wide price range.",499.0,A set of six laminated coasters with Phulkari hand embroidery usually sells between three hundred and seven hundred fifty rupees.
Green - Shibori Tie-Dye Cotton Dupatta with Tassels 84,1150,1400.0,690.0,1190.0,490.0,2290.0,[5],partial,The cited listing is a green cotton tie-dye dupatta with a border similar to the product.,600.0,Handcrafted shibori tie-dye cotton dupattas with tassels are generally priced in the mid-range for artisanal cotton textiles.
Red - Merino Wool Plain 3pc Unstitched Dress Material with Block Print Patch 02,5990,7651.0,6800.0,4490.0,4490.0,7490.0,"[2, 3, 5]",good,The cited listings are plain merino wool 3-piece unstitched dress materials.,2499.0,Unstitched three-piece merino wool dress material with block print patches involves high material costs and craftsmanship.
"Lucknowi Chikankari Beadwork Mul Chanderi Unstitched Dress Material: Kurta, Bottom & Dupatta 09",22690,12089.0,18690.0,18690.0,17990.0,18990.0,"[1, 4, 5, 6, 7, 10]",good,The cited listings are all unstitched heavy hand beads work chikankari dress materials in mul chanderi.,3500.0,Chanderi unstitched dress materials with intricate chikankari and beadwork typically command a higher artisan price.
Beige - Handcrafted Fabric Jhola Bag 51,1590,819.0,850.0,750.0,450.0,950.0,"[1, 3, 4, 10]",good,The cited listings are all beige handcrafted cotton jhola and shopping bags for everyday use.,450.0,Simple cotton fabric jhola bags are common everyday utility items priced affordably in the Indian market.
Orange - Thread Work German Silver Necklace Set 08,690,685.0,950.0,950.0,890.0,950.0,"[1, 2, 3, 4, 7]",good,The cited listings are all thread work German silver necklace sets with matching earrings.,1200.0,German silver necklace sets with thread work usually fall in the mid-range fashion jewelry category.
Brown - Handcrafted Cotton Running Sticth Shoulder Bag,1150,1318.0,1320.0,1150.0,1100.0,1390.0,"[1, 4, 5]",partial,The cited listings are all handcrafted cotton and printed shoulder bags of similar construction and materials.,650.0,Printed cotton and rexine shoulder bags are moderately priced functional accessories.
Blue - Kutch Embroidery Mirror Work Dori Waist Belt / Kamarbandh 03,1890,777.0,1590.0,1990.0,1190.0,1990.0,"[4, 5, 8, 9]",partial,The cited listings are all mirror work Kutch hand embroidery waist belts and leather belts.,900.0,Authentic Kutch mirror work embroidery on specialty items like kamarbandhs reflects traditional artisan value.
Jasmine - Sri Aurobindo Ashram Natural Incense Sticks (50 gm),180,706.0,2490.0,420.0,400.0,600.0,"[1, 2]",partial,The cited listings feature natural flora incense sticks and palm leaf gift sets from the same ashram brand.,150.0,Natural handmade incense sticks of 50 gm generally retail for around 150 rupees in the Indian market.
Brown - Mercerised Cotton Zari Border Dharwad Fabric 08,580,510.0,490.0,490.0,480.0,590.0,"[1, 3, 4]",good,The cited listings are prewashed brown Dharwad cotton fabrics with borders.,350.0,Mercerised cotton fabric with a zari border typically sells for approximately 350 rupees per meter.
Dharwad Cotton Plain Fabric with Thread Border 13,490,610.0,490.0,490.0,480.0,580.0,"[4, 5, 10]",good,The cited listings are Dharwad cotton fabrics featuring woven thread borders.,300.0,Dharwad cotton plain fabric with thread border is priced around 300 rupees based on standard textile rates.
Multicolor - Sambalpuri Ikat Weave Handloom Cotton Fabric,990,1791.0,750.0,750.0,750.0,750.0,"[1, 2, 3, 4, 5, 6, 7, 8, 9, 10]",good,All cited listings are Sambalpuri ikat handloom cotton fabrics priced consistently at 750 rupees.,600.0,Authentic handloom Sambalpuri ikat cotton fabrics command a higher artisanal value of about 600 rupees.
Handmade Paper Mache Metal Coated Coasters (Set of 6 ),990,988.0,1240.0,1690.0,1500.0,1700.0,"[6, 7, 8, 9, 10]",good,The cited listings are handpainted paper mache coasters in sets of 6.,450.0,A set of six handcrafted papier mache and metal-coated coasters generally retails near 450 rupees.
Grey - Kutch Weaving Handloom Fine Cotton Bhujodi Dupatta 60,3400,4843.0,9250.0,2590.0,2500.0,2700.0,"[1, 2]",partial,Cited listings are Kutch Bhujodi handloom cotton dupattas though sarees are priced higher.,2500.0,Authentic handcrafted Bhujodi cotton dupattas typically retail in the mid-range due to the intricate artisanal weaving involved.
Christmas Decor Banana Bark Bell Hanging (Set of 2),490,616.0,540.0,790.0,750.0,850.0,[2],partial,Cited listing is a Christmas decor banana bark tree hanging set of 2.,850.0,Banana bark hanging decorations are eco-friendly crafts that usually sell at affordable decorative price points.
Multicolor - Handmade Cotton Hand Bag with Keychain,1250,1008.0,1270.0,1100.0,690.0,1390.0,"[1, 4]",partial,Cited listings are handmade cotton shoulder and sling bags with keychains.,1200.0,Handmade cotton and rexine hybrid handbags with hardware accessories generally occupy a moderate market price.
Grey - 3pc Satin Cotton Kutch Bandhani Unstitched Dress Material 42,2690,2880.0,3320.0,3150.0,2690.0,3490.0,"[1, 2, 3, 4, 5, 6, 7, 8, 9, 10]",good,Cited listings are all grey 3-piece satin cotton Kutch bandhani unstitched dress material suits.,3200.0,Three-piece satin cotton unstitched dress materials featuring authentic Kutch Bandhani command a higher artisan premium.
Kutch Tie-Dye Cotton Bandhani 2pc Unstitched Dress Material Kurta Set with Earrings 06,3490,4138.0,2890.0,2890.0,2890.0,2890.0,"[1, 2, 3, 4, 5, 6, 7, 8, 9, 10]",good,Cited listings are all Kutch bandhani tie-dye cotton 2pc unstitched dress material kurta sets with earrings.,3800.0,The combination of traditional Bandhani techniques and an embroidered Kota Doria silk dupatta justifies a higher retail estimate.
Peach - Hand Embroidered Chapa Work Silk Cotton Saree 23,3490,5561.0,7700.0,2450.0,2200.0,2700.0,"[1, 2, 3, 4, 5]",partial,The cited listings are hand-embroidered silk sarees sharing a similar price point and craft style.,2499.0,Hand-embroidered silk-cotton blend sarees of this type typically retail around this price in the Indian market.
Handmade Cotton Elastic Pearl Headband 01,450,238.0,450.0,420.0,390.0,450.0,"[1, 2, 3, 4, 5, 6, 7, 8, 9, 10]",good,All cited listings are handcrafted cotton elastic headbands of the same category and material.,299.0,Handmade cotton and pearl elastic headbands are accessible everyday accessories usually priced affordably.
Handpainted Madhubani Painting by Hira Devi (11 x 7.5),4450,3169.0,8490.0,7990.0,7500.0,10590.0,"[2, 3, 7, 8, 9, 10]",partial,The cited listings are handpainted Madhubani paintings by the same artisan with smaller or narrower dimensions.,1500.0,Authentic small-format Madhubani paintings on handmade paper by recognized artisans command a modest art valuation.
Brown - Barmer Applique Work Chanderi Silk Saree with Tassels,6100,7130.0,8900.0,6490.0,4500.0,9950.0,"[6, 8, 9]",partial,The cited listings are brown Chanderi silk sarees featuring traditional handloom and applique or tie-dye techniques.,3499.0,Chanderi silk-cotton sarees featuring intricate appliqué work and tassels carry a higher retail value due to detailed craftsmanship.
Blue - Kashmir Enamelware Floral Handpainted Stainless Steel Breakfast Bowl 01,1290,1496.0,1890.0,1890.0,1700.0,2100.0,"[1, 2, 3, 4, 5, 6]",partial,The cited listings are blue Kashmir enamelware floral handpainted stainless steel items of similar construction.,699.0,Handpainted Kashmiri enamelware on a stainless steel base is priced as a functional handcrafted utility item.
Grey - Maheshwari Silk Hand Block Jaipur Print 3pc Unstitched Dress Material 42,4890,4916.0,5290.0,5290.0,5290.0,5290.0,"[1, 2, 3, 4, 5, 6, 7, 8, 9, 10]",good,"All cited listings are identical Maheshwari silk hand block print 3-piece unstitched dress material sets priced uniformly at 5,290 rupees.",2450.0,Maheshwari silk cotton unstitched dress materials with hand block prints generally retail around this mid-range price point.
Black - Aaradhya Ghungroo Work Fabart Handmade Earrings,350,374.0,350.0,350.0,350.0,390.0,"[1, 2, 3, 4, 5, 6, 7, 8, 9, 10]",good,"The cited listings consist of handmade fabric earrings featuring ghungroo and shell or mirror detailing by Fabart, consistently priced between 350 and 390 rupees.",350.0,Fabric handmade earrings with ghungroo work are typically affordable fashion accessories.
Zahira Black Plain Button Down Woollen Dress 06,3950,2009.0,5100.0,4500.0,2100.0,5100.0,"[1, 2, 3, 4, 5, 6, 8, 9]",partial,"The cited listings include plain handwoven merino woolen long kurtas and fabrics which share the same material and wool type, ranging from 2,100 to 5,100 rupees.",1950.0,Acrylic wool dresses of this type usually fall into the moderate apparel pricing bracket.
Beige - Khambadiya Patchwork Table Mat (12 x 18 in) 14,390,1141.0,1190.0,1500.0,1190.0,2190.0,"[1, 2, 3, 4, 5, 6, 7, 8, 9, 10]",partial,The cited listings are Khambadiya patchwork home decor items like table runners and table mats featuring similar patchwork and embroidery work.,450.0,Patchwork table mats with embroidery and bead detailing from Rajasthan are traditionally priced accessibly per piece.
Thread Mirror Work Handmade Bangle Set 16,1190,689.0,790.0,790.0,590.0,1390.0,"[1, 2, 3, 4, 5, 6, 7, 8, 9, 10]",partial,"The cited listings are handmade thread bangles with mirror and kundan work sold in various set sizes, mostly clustered around 790 rupees.",300.0,Handmade thread and mirror work bangle sets are generally budget-friendly ethnic accessories.
Beige - Bagh Hand Block Printed Chanderi Silk Handloom Fabric,1290,1898.0,6045.0,1290.0,1290.0,1290.0,"[1, 2, 4]",good,The cited listings are all beige and red chanderi silk bagh print fabrics matching this item type and material.,1200.0,Chanderi silk cotton handloom fabric with natural dye bagh block printing typically retails around this price range per meter.
Beige - Handloom Chanderi Silk 2pc Unstitched Dress Material with Jewellery Set 05,7990,9491.0,4390.0,4590.0,4190.0,6490.0,"[1, 2, 3, 8]",good,The cited listings are handloom chanderi silk and mercerised cotton 2-piece unstitched dress material kurta sets with jewellery.,3500.0,Unstitched chanderi dress material paired with a kalamkari dupatta and matching jewelry commands a higher artisan boutique price.
Multicolor - Bead Work Handmade Baiga Tribal Bracelet 36,890,1484.0,420.0,350.0,290.0,1290.0,"[4, 7, 8, 9, 10]",partial,The cited listings are handmade beaded or stone-work bracelets and rakhis varying in material and complexity.,350.0,Handmade tribal beadwork bracelets by local artisans are generally priced affordably for everyday handicraft markets.
Srikalahasti Handpainted Kalamkari Sling Bag by Dwarka Plus 35,1290,1580.0,1850.0,1850.0,1850.0,3590.0,"[1, 2, 3, 4, 5, 6, 7, 8]",good,The cited listings are Srikalahasti handpainted kalamkari shoulder and sling bags made by the same artisan groups.,1250.0,Handpainted kalamkari cotton sling bags by non-profit artisan initiatives usually sell in this mid-range price bracket.
Multicolor - Oxidised Dual Tone Stone GS Jhumki Earrings 06,950,750.0,540.0,590.0,290.0,1290.0,"[1, 3, 4, 5, 7]",partial,"The cited listings are multicolor oxidised, dual-tone, and beadwork earrings of various styles.",650.0,Oxidized dual-tone metal jhumki earrings with stone detailing are standard fashion jewelry items priced moderately.
